left_out_block,n_cells_left_out,converged,strong_beta,strong_odds_ratio,strong_ci_low,strong_ci_high
150005,1,True,0.3891097050921375,1.4756664305751344,1.2528695789929447,1.7380830781099368
150006,11,True,0.3877997731847124,1.4737346735443226,1.2512385940201354,1.7357951540070868
150007,23,True,0.38677418434759897,1.4722240025103575,1.2499587068246052,1.7340120931464928
150008,20,True,0.3889971449061998,1.4755003386351722,1.2527251453299446,1.7378921924163178
150009,15,True,0.3901855154157886,1.4772548220061663,1.2542093165073813,1.7399661925790093
150010,10,True,0.3893201563400726,1.4759770190977097,1.2531330006799266,1.738449278506386
150011,4,True,0.38830603844735906,1.4744809631101978,1.2518707800633693,1.7366761371843222
150012,1,True,0.3889318509486574,1.47540400052389,1.252648826464284,1.737771128486316
160005,12,True,0.38904013601794857,1.4755637733986715,1.252783994940593,1.737959982055624
160006,25,True,0.3886354989982607,1.4749668264526055,1.2522775390753387,1.7372563758845698
160007,25,True,0.3882245039281667,1.4743607469147637,1.2517652696938368,1.7365393214454052
160008,25,True,0.3603175839846383,1.4337846893172748,1.2170634652563934,1.689097236098169
160009,24,True,0.3897119392320289,1.4765553949341936,1.2536323271056622,1.7391190280988291
160010,25,True,0.3903521148502367,1.477500952326065,1.2544194063568728,1.7402545377262597
160011,25,True,0.38961023527908556,1.4764052310500488,1.2534914962073378,1.738960665363298
160012,21,True,0.38739974228288376,1.4731452520350776,1.2507346298056041,1.7351058185146677
160013,22,True,0.38152115322497676,1.4645106410068007,1.242768544449137,1.7258172708039048
160014,15,True,0.3887504698416556,1.475136414381269,1.252419834158168,1.7374584637557065
160015,11,True,0.3897750823380033,1.4766486321715864,1.2537016437774828,1.7392425013691921
160016,6,True,0.38921435606170574,1.475820868578756,1.2530013045449517,1.738264140853028
160017,1,True,0.38904464927652893,1.475570433014561,1.2527897736090485,1.737967653195611
170005,17,True,0.38920285570366225,1.4758038962079536,1.2529846136136673,1.7382473147703936
170006,24,True,0.3871685588498398,1.4728047246220046,1.2504493454375565,1.734699422078445
170007,25,True,0.3866722503486697,1.4720739404788032,1.2498332909766687,1.733832585418981
170008,24,True,0.41178103769150953,1.5095038756866093,1.279443830685572,1.780931601735058
170009,24,True,0.43842475942022513,1.5502632565116534,1.3000847281400962,1.8485842595261504
170010,25,True,0.3842531594141095,1.4685171635722958,1.2392739531460717,1.740166211217248
170011,25,True,0.3885080269372602,1.4747788213742823,1.2521193291023363,1.7370329819390204
170012,25,True,0.38881034293297995,1.475224738002601,1.2524956179994604,1.7375613905068208
170013,24,True,0.3863693753903031,1.4716281536576086,1.249443874011329,1.7333226947480036
170014,25,True,0.3883165809422548,1.4744965079001655,1.2518779864031135,1.7367027581150347
170015,24,True,0.3895819289913853,1.4763634400902927,1.2534587261262795,1.738907681444993
170016,25,True,0.3878523590449255,1.4738121731875318,1.2513064296232193,1.7358836096525154
170017,24,True,0.38843991462434624,1.4746783741986054,1.2520349909182256,1.7369133635268164
170018,18,True,0.38826471686637887,1.4744200364844777,1.2518146363327,1.736610501979399
170019,14,True,0.38988627545016524,1.4768128344574798,1.2538414668482125,1.7394353318850313
170020,8,True,0.3876179851783703,1.4734667906058323,1.2510039724431072,1.735489599428101
170021,2,True,0.3893466843357968,1.4760161743291138,1.253167919138986,1.7384930731214536
170022,4,True,0.38948640294740067,1.4762224156672372,1.2533434792288274,1.7387353559770211
180005,22,True,0.38934237589997345,1.476009815021852,1.2531594178065955,1.738489886509454
180006,25,True,0.38931451008238105,1.4759686853746403,1.2531172789831213,1.7384514576116434
180007,24,True,0.3880766521541315,1.4741427761768418,1.2515870264194995,1.7362731305797354
180008,25,True,0.38775781585994223,1.4736728408771753,1.2516385194711634,1.7350949240972438
180009,25,True,0.416434996447453,1.516545417278479,1.274541088782132,1.804500477003844
180010,25,True,0.3791985160990299,1.4611130614202912,1.2390577352949248,1.72296360164753
180011,25,True,0.3896813290954673,1.4765101980636588,1.2535817328716754,1.7390827481124054
180012,25,True,0.3866963213839251,1.4721093752489973,1.249854258758999,1.7338869692277152
180013,23,True,0.3833960522969112,1.467259026315891,1.2457367985829535,1.7281732808682846
180014,25,True,0.38994761624454166,1.4769034261083442,1.2539127514021935,1.7395498431700132
180015,25,True,0.38733336100866816,1.473047466021759,1.2506496899957766,1.7349933034888871
180016,25,True,0.39049020816997754,1.4777049994259384,1.2545961758699207,1.7404899738470223
180017,25,True,0.3906414762159714,1.4779285458810483,1.2547840037571225,1.740756002778037
180018,23,True,0.3901815731982312,1.4772489983577493,1.2542106152294683,1.7399506722797986
180019,15,True,0.3887276781645341,1.4751027939315369,1.2523916803938357,1.7374183226611413
180020,10,True,0.38740016984156966,1.4731458818912604,1.2507321670577232,1.7351107187387331
180021,11,True,0.3825962997108466,1.4660860512226204,1.2447380427905232,1.7267957077706662
180022,24,True,0.8381160764637251,2.3120072265224034,1.9059323430832298,2.8045997723322067
180023,25,True,0.3888071456596363,1.4752200213134106,1.2524912107102448,1.737556393748942
180024,15,True,0.38692347829768886,1.4724438130548934,1.2501329280846776,1.7342881975961986
180025,8,True,0.3884634958447064,1.4747131493243262,1.2520607802001014,1.736959504827317
190004,2,True,0.3891446088459522,1.475717937771832,1.2529135609612947,1.7381433960940451
190005,23,True,0.3813815634543478,1.4643062245698928,1.2427241464958383,1.725397165058878
190006,25,True,0.38880083482454364,1.475210711472507,1.2524862393199172,1.7375413596758493
190007,25,True,0.38973995719062,1.4765967655816643,1.2536490750785898,1.7391932491072506
190008,25,True,0.39163989570506486,1.4794048754201967,1.256020757610771,1.7425180054988285
190009,25,True,0.34895963992492396,1.4175919750688466,1.2045121420586602,1.6683659197864082
190010,25,True,0.3888432033372229,1.4752732152803278,1.2525370759770953,1.7376180725235126
190011,25,True,0.4088305051163917,1.5050565994721659,1.2755611719008704,1.7758422077391032
190012,24,True,0.38997473504404184,1.4769434784993218,1.2539466834989816,1.7395971195480644
190013,24,True,0.3881859787186679,1.474303947952215,1.2517155042104178,1.7364745612211434
190014,25,True,0.38796383533296835,1.4739764774557158,1.2514384486531622,1.7360875066855972
190015,25,True,0.3904964731778215,1.477714257288351,1.2545980426672385,1.7405091925306289
190016,25,True,0.3892396993346518,1.475858271183798,1.2530344909651907,1.738306209706831
190017,23,True,0.3882318065928931,1.4743715137162974,1.2517703263281654,1.736557669356517
190018,25,True,0.3927957412207871,1.4811158275190612,1.2574860014637108,1.744515717848157
190019,24,True,0.3910396765459237,1.4785171747039818,1.2552860389160172,1.741446147033024
190020,16,True,0.38807913937700506,1.4741464427030333,1.2515799279357562,1.7362916151253214
190021,24,True,0.38834296008247876,1.4745354043633325,1.251907917622342,1.7367528618641066
190022,20,True,0.3883211233080417,1.4745032056178677,1.251882743241802,1.7367119365726627
190023,25,True,0.38838369804905076,1.4745954751609176,1.2519603395932895,1.7368216441037068
190024,25,True,0.39009459684508535,1.4771205182146319,1.2541031255819837,1.7397971353576913
190025,11,True,0.3888274617361198,1.4752499923006388,1.2525165696729772,1.7375918151336451
200004,5,True,0.3888185525586698,1.4752368490952221,1.2525104655395194,1.7375693224175548
200005,23,True,0.39039901872291166,1.4775702544678666,1.2544736207795784,1.7403425793294105
200006,25,True,0.3901071343671613,1.477139037761832,1.2541160899169135,1.7398227759158305
200007,25,True,0.3905950515509074,1.477859935135945,1.254716044701276,1.7406886578867373
200008,25,True,0.3885692891620017,1.4748691723734046,1.2522033147363167,1.737129306414161
200009,24,True,0.39094805723267817,1.4783817201810336,1.2551620193117496,1.741299112734372
200010,21,True,0.38890728668997465,1.4753677587634872,1.252618731423783,1.7377275055791708
200011,21,True,0.3889313708363688,1.4754032921644686,1.2526456294369592,1.7377738950066748
200012,21,True,0.38796411500433525,1.4739768896847898,1.2514326688916868,1.7360964959057568
200013,23,True,0.3862878025370158,1.4715081136462065,1.249346098671931,1.7331755634634738
200014,23,True,0.38962409012799243,1.476425686563154,1.2535122182873801,1.7389801041761621
200015,24,True,0.38672359560130476,1.4721495264276478,1.249885411558145,1.7339383339624874
200016,25,True,0.3834815717521027,1.4673845108740553,1.2458326101941029,1.7283359619376282
200017,15,True,0.3879076293447581,1.4738936334793873,1.2513663585868284,1.7359923637905093
200018,24,True,0.3906474728267606,1.4779374084698849,1.2547946339688525,1.7407621328805427
200019,23,True,0.3896590556838667,1.476477311510534,1.2535572422885644,1.7390392539438178
200020,24,True,0.39181255101901047,1.4796603245851083,1.256256966418035,1.7427920677677344
200021,24,True,0.38820708371826745,1.4743350634647916,1.2517405728812168,1.7365130814274559
200022,25,True,0.38955614136734673,1.4763253686758433,1.2534305926771618,1.738857027209351
200023,25,True,0.38874177085514877,1.475123582245318,1.2524084515505254,1.7374440265093294
200024,25,True,0.3892293531107486,1.4758430017026658,1.2530195698864968,1.738290939759254
200025,9,True,0.38881652142662076,1.475233852697421,1.2525031498361587,1.7375724128351788
210004,7,True,0.3882523597392423,1.4744018170012048,1.2518032124212866,1.7365834313299837
210005,25,True,0.3889571240767018,1.4754412890693096,1.2526818206973742,1.7378131952761953
210006,25,True,0.38957209183595587,1.4763489169450956,1.2534441275061785,1.7388937222925502
210007,24,True,0.38895381384933336,1.4754364050312576,1.2526687410536443,1.737819835322559
210008,25,True,0.3911936105218879,1.478744786249341,1.2554690916826134,1.7417283765456575
210009,24,True,0.39133887737393197,1.4789596144527468,1.2556491368982352,1.7419846650676987
210010,17,True,0.3869701019881243,1.4725124654198176,1.2502010874051463,1.734355363037756
210011,25,True,0.3891062402794046,1.475661317676154,1.2528614242495821,1.738082346808635
210012,25,True,0.3875252450376352,1.4733301474245548,1.2508879780936906,1.7353286315998764
210013,17,True,0.3884360380596945,1.474672657523628,1.252025273800091,1.7369133773532945
210014,16,True,0.3876999393512875,1.4735875523063722,1.251101247986533,1.7356391241771498
210015,21,True,0.3884894034863348,1.474751356159026,1.2520928866176864,1.7370049664350238
210016,25,True,0.38453722591873435,1.468934379365644,1.2471581071062945,1.7301480851444477
210017,25,True,0.3872639705131465,1.4729452540744745,1.2505566618257133,1.7348815833207605
210018,23,True,0.3895818616660719,1.4763633406936647,1.2534592002714973,1.738906789524581
210019,25,True,0.3920047793742489,1.479944784595379,1.2564950392625711,1.7431318843379584
210020,22,True,0.3877558589013121,1.4736699569632132,1.2511744170488195,1.7357317352910848
210021,24,True,0.38932284966410585,1.4759809943874411,1.2531383541359493,1.738451216182789
210022,25,True,0.3876044124571068,1.4734467917875118,1.2509843667748806,1.7354696876236817
210023,25,True,0.38862421436373684,1.474950182084947,1.2522619318572823,1.737238819043134
210024,25,True,0.3891897600813738,1.4757845697641032,1.252971785173797,1.7382195849300164
210025,22,True,0.3873949542026376,1.473138198514283,1.2507186390873997,1.7351113864468914
210026,17,True,0.3871840767857591,1.4728275796886743,1.2504523977752462,1.734749026313187
210027,13,True,0.33480542730839763,1.397668410659284,1.1890904703870662,1.6428329339137366
210028,2,True,0.3625206726906216,1.4369469262383254,1.2178246226061336,1.6954957474969448
220004,14,True,0.38939455404233436,1.4760868324814027,1.253222758967686,1.7385834413187202
220005,24,True,0.38936606926869244,1.4760447870809335,1.253181834988514,1.7385411698764106
220006,24,True,0.3882278920336255,1.474365742212921,1.2517628246235302,1.7365544806499729
220007,25,True,0.3907979253993523,1.478159784683236,1.2549648497216328,1.7410498385986204
220008,16,True,0.3890145186572657,1.4755259738334423,1.252742366624696,1.7379286894584447
220009,24,True,0.3925029024601971,1.4806821628958449,1.2571011629285396,1.7440280322471917
220010,24,True,0.38880729920239443,1.4752202478227787,1.2524900250536979,1.7375585721674693
220011,21,True,0.3852962109271301,1.4700497017408398,1.2481095361348737,1.7314555037217538
220012,25,True,0.38707053821249254,1.4726603664393654,1.2503180754593428,1.7345414718447356
220013,15,True,0.38817154101798185,1.4742826625467509,1.2516961967137927,1.7364512050066745
220014,20,True,0.38644943845431395,1.4717459814334384,1.2495436369507138,1.7334618574436473
220015,19,True,0.389817607282923,1.4767114279085185,1.2537545436426354,1.7393170396654498
220016,21,True,0.3855382874970889,1.4704056094070217,1.248403102962133,1.7318866406576179
220017,23,True,0.3885693036027169,1.4748691936715703,1.2521926945016066,1.7371440897179242
220018,25,True,0.3915362092421646,1.4792514891136461,1.2559067872850296,1.742314788166145
220019,25,True,0.3911672815014847,1.4787058528602341,1.255447491395783,1.7416666282491222
220020,25,True,0.3868005983462244,1.4722628903467254,1.2499795421233073,1.7340747950243414
220021,21,True,0.3874160208698854,1.4731692329534163,1.2507491545907878,1.735142159364959
220022,24,True,0.38849445756449613,1.4747588096864837,1.25210034893228,1.7370121720695446
220023,25,True,0.38692620332503236,1.4724478255100126,1.25012961890368,1.7343022403952921
220024,25,True,0.38931716062410815,1.4759725974964133,1.2531299123216946,1.7384431471467916
220025,25,True,0.3627649587179054,1.4372979951732257,1.2216609893001968,1.6909973757223262
220026,25,True,0.379802571201004,1.4619959208406268,1.2418620384289472,1.7211509865126815
220027,25,True,0.37040063386725053,1.4483147423823957,1.2310873081068379,1.7038723242366065
220028,13,True,0.37974165180057395,1.461906859638503,1.241888118984421,1.720905155293558
230004,17,True,0.3898926199157643,1.4768222040754266,1.2538436442794996,1.7394543828496887
230005,25,True,0.38676061144369567,1.472204020291056,1.2499407904192628,1.7339898769398112
230006,14,True,0.38917316531030655,1.4757600796602277,1.2529475476917553,1.7381955188235474
230007,22,True,0.39088371619404716,1.4782866026256782,1.2550807577324474,1.7411877809765839
230008,25,True,0.3900776031102035,1.4770954166334422,1.2540678499188511,1.7397869421345136
230009,18,True,0.3903237228088081,1.4774590036533228,1.254374918397227,1.7402174385513405
230010,23,True,0.38838704963109627,1.4746004173969185,1.2519679392026415,1.7368227435376953
230011,24,True,0.39033886497050907,1.4774813757458432,1.2544031139713019,1.740231024112214
230012,25,True,0.39008814470609937,1.4771109876584956,1.2540889314102575,1.7397943759920582
230013,22,True,0.3872548184597477,1.4729317736625427,1.250544379060117,1.734866867735838
230014,16,True,0.38859550788225794,1.4749078420625823,1.2522238325745552,1.73719193485178
230015,25,True,0.38933627876934074,1.4760008156246298,1.2531506956301455,1.7384807871243906
230016,22,True,0.38915510537412973,1.4757334277680432,1.2529282092043619,1.738159563998455
230017,24,True,0.38612945011495625,1.4712751152207497,1.2491412269483633,1.7329109134889773
230018,24,True,0.3883806005250756,1.4745909075731536,1.2519555560757156,1.736817520514213
230019,25,True,0.3907726638670179,1.478122444573676,1.2549522411525276,1.740979369179765
230020,25,True,0.3880693275307491,1.4741319786757383,1.2515700771733715,1.7362712086104206
230021,25,True,0.38927031019590475,1.4759034491680312,1.2530733870834316,1.738358673737484
230022,25,True,0.38953158351916467,1.4762891137467453,1.253395119686885,1.73882083401729
230023,25,True,0.38800268746044836,1.4740337456902097,1.2514828677961387,1.7361607892082191
230024,25,True,0.3882192994086329,1.4743530735954247,1.2517535822033548,1.7365374595486018
230025,25,True,0.38807737489245214,1.4741438415967012,1.2515735181491225,1.736294379998666
230026,25,True,0.3879276771083338,1.4739231820466774,1.251383529627224,1.736038149089078
230027,25,True,0.38796172484786373,1.4739733666535981,1.2514298502644052,1.7360921070766457
230028,14,True,0.3889167110339348,1.4753816632022336,1.252630991542086,1.737743251453199
240004,20,True,0.39010907885113966,1.4771419100378174,1.2541105702014017,1.739837199553916
240005,24,True,0.38943523852807815,1.4761468875367416,1.2532805984532267,1.7386446708531986
240006,25,True,0.3887717710270511,1.4751678368701824,1.252452438987233,1.7374872523669824
240007,23,True,0.38937940049580927,1.4760644647003878,1.2532033973421162,1.7385576104981253
240008,20,True,0.38978433506046095,1.4766622952547577,1.253708547374466,1.739265109736668
240009,21,True,0.38950711819477135,1.4762529962964934,1.253363856879295,1.7387791239653196
240010,24,True,0.3900814577012221,1.477101110243142,1.2540832215172697,1.7397790293708009
240011,25,True,0.38955743355097805,1.4763272763605517,1.2534285353327532,1.7388643751815909
240012,25,True,0.38973155711442187,1.4765843621084145,1.2536460661426603,1.7391682048918928
240013,25,True,0.3886908058897304,1.4750484045386918,1.2523446290635196,1.7373554732766647
240014,25,True,0.3883196620804964,1.474501051034742,1.2518784657348445,1.7367127952203774
240015,25,True,0.38972701101951257,1.476577649431021,1.253642643588469,1.7391571401546517
240016,23,True,0.3883493210166506,1.4745447838158048,1.2519193039097565,1.7367591606648234
240017,24,True,0.3892278165206374,1.4758407339386461,1.2530199457897389,1.7382850762042503
240018,20,True,0.3877851441680836,1.4737131144129718,1.2512125346498992,1.7357805196544636
240019,23,True,0.3887383430662063,1.4751185258416801,1.2524054632428658,1.7374362609749872
240020,25,True,0.38837237097785576,1.4745787724075834,1.2519466863032473,1.7368012390811784
240021,25,True,0.3881539613787199,1.4742567454171807,1.2516736223261964,1.7364214701343632
240022,25,True,0.3865656054298451,1.47191695964367,1.2496858908733512,1.7336672774408657
240023,25,True,0.386874808956018,1.4723721519277286,1.2500736625780162,1.7342016064089303
240024,20,True,0.3874535413692217,1.4732245080356114,1.2507979384085026,1.7352046916853274
240025,25,True,0.3891084485870345,1.4756645763938991,1.2528596749862433,1.7380924500165558
240026,24,True,0.39020839412741326,1.4772886200798618,1.2542575011229329,1.739978963700502
240027,23,True,0.39009254853510017,1.4771174926170236,1.2541116911679184,1.7397781253145677
240028,16,True,0.3895997280981809,1.4763897182746955,1.2534918664165573,1.7389236090207494
250003,7,True,0.38919562540596586,1.475793225745018,1.2529760555974914,1.7382340511816927
250004,23,True,0.3876981649720755,1.473584937605572,1.2511108882118094,1.735619591195179
250005,24,True,0.38811405818736605,1.4741979190418515,1.2516246935356685,1.7363507733042276
250006,25,True,0.3883361068898553,1.474525299122803,1.2519127059121942,1.7367224148180234
250007,18,True,0.38891382065542157,1.4753773987969383,1.2526243818259086,1.7377423754979617
250008,21,True,0.38976144530904777,1.476628495208737,1.253683570784089,1.73922013790028
250009,24,True,0.3879485281409523,1.4739539151874312,1.2514177192929758,1.7360631151393602
250010,24,True,0.38717328206833845,1.4728116810169531,1.250452847582306,1.7347109504640528
250011,25,True,0.3878569370698189,1.473818920351793,1.2513042950830495,1.7359024647499985
250012,24,True,0.38822455619447443,1.4743608239741584,1.2517613545725754,1.736544934327359
250013,24,True,0.3888630395709859,1.475302479434935,1.2525606701029843,1.7376542771759833
250014,25,True,0.3885054042656586,1.4747749535188208,1.252114196730531,1.7370309906281787
250015,24,True,0.38820053688370415,1.474325411268636,1.2517321138436375,1.736502079217212
250016,24,True,0.38682273595371214,1.472295483085472,1.2500087252324124,1.734111087193295
250017,24,True,0.3892518889057338,1.4758762613727476,1.253049315886842,1.7383280221034052
250018,22,True,0.3856270793150813,1.470536175190768,1.2485118755630273,1.7320433108171323
250019,25,True,0.38759230123987687,1.473428946661403,1.2509692168727813,1.7354486677832561
250020,25,True,0.3889384191505041,1.4754136913069962,1.2526561748571237,1.7377837623675345
250021,21,True,0.3865041655908965,1.4718265280808027,1.2496099875171625,1.733559550901587
250022,25,True,0.38834800190096347,1.474542838721932,1.25191150573787,1.7367653969636025
250023,25,True,0.38818127095372346,1.4742970072921089,1.2517126030796966,1.7364622361097046
250024,25,True,0.387907728382861,1.4738937794510238,1.2513658299201602,1.7359934410571407
250025,23,True,0.38967193180466864,1.4764963229331547,1.2535807741122265,1.7390513931413876
250026,23,True,0.3898757571348056,1.476797300956053,1.2538351943481811,1.7394074420162224
250027,15,True,0.39021721367884904,1.4773016491602873,1.2542618360074735,1.7400036419498461
250028,16,True,0.39138328534167427,1.4790252935019232,1.255734246224199,1.7420213117512533
260003,12,True,0.38960981312337895,1.4764046077772868,1.2534912942805683,1.7389594772710941
260004,25,True,0.3898263051828877,1.4767242722526546,1.2537586726428809,1.7393415685518325
260005,25,True,0.38803699492569105,1.4740843169191868,1.251521488058175,1.7362263405948812
260006,25,True,0.3910633405196907,1.478552162709594,1.2553019709838027,1.7415064648866276
260007,22,True,0.38959611905813235,1.47638438993469,1.2534749038370963,1.7389345890933816
260008,25,True,0.3884008110264218,1.4746207100958373,1.2519887109949563,1.7368417299190098
260009,25,True,0.3880156391798613,1.4740528370853219,1.2515050332132829,1.7361750123692794
260010,25,True,0.386903543566364,1.472414460575657,1.2501176318602396,1.7342402734422684
260011,24,True,0.388984741743069,1.4754820378772664,1.2527145816447267,1.737863736877829
260012,25,True,0.38722276230441044,1.472884557889587,1.2505130038784293,1.734799169733788
260013,25,True,0.38831994161292877,1.474501463205665,1.2518821175068853,1.736708700117437
260014,25,True,0.3890228757260041,1.4755383049569568,1.2527621627633823,1.737930274484571
260015,25,True,0.3878933465420743,1.4738725822977787,1.2513476968498125,1.735968663479982
260016,25,True,0.3886501790447981,1.4749884791931902,1.2522954505879846,1.7372825340307232
260017,24,True,0.38876798342595287,1.4751622495334447,1.2524432876918308,1.7374867858958998
260018,21,True,0.3892401751288887,1.475858973388825,1.2530340763161767,1.7383084390936419
260019,25,True,0.38882897851842374,1.475252229935418,1.2525195261719828,1.7375929847424891
260020,25,True,0.3888815461655886,1.475329782512481,1.2525844334539458,1.7376856274402617
260021,25,True,0.3880741398520981,1.4741390726895998,1.2515743029052835,1.7362820573942446
260022,22,True,0.3889354664459146,1.4754093348526502,1.2526526198290677,1.737778431874738
260023,25,True,0.38951591318237955,1.476265979980398,1.2533893847788131,1.7387742948150777
260024,25,True,0.39025396120751504,1.4773559373424603,1.254306813904101,1.7400691293445294
260025,25,True,0.3910907669129901,1.478592714618816,1.2553588785047605,1.741523044253157
260026,25,True,0.3886224627513385,1.474947598546184,1.2522599401659766,1.737235496145325
260027,24,True,0.3918203580291554,1.4796718763533658,1.256281224458818,1.742785627170584
260028,23,True,0.38740664249853557,1.4731554170900736,1.2507294541223544,1.7351369440840938
260029,4,True,0.38809255635201956,1.4741662214217077,1.2515947643693408,1.7363176247191958
270003,15,True,0.3896387093573605,1.4764472709266838,1.2535288836783318,1.7390078299833065
270004,25,True,0.37792421728391895,1.459252352578707,1.2366393250454706,1.7219389561529537
270005,25,True,0.38917535386171576,1.475763309440564,1.2529503669096766,1.7381992160332445
270006,25,True,0.38841555709133313,1.4746424551088742,1.252003641435256,1.7368722409758102
270007,25,True,0.38825550335358255,1.4744064519591853,1.2518038523665316,1.7365934618823626
270008,25,True,0.3884260110566917,1.4746578710505949,1.2520184112746722,1.7368880657573638
270009,25,True,0.388454588741473,1.4747000139605646,1.2520510784316483,1.736942021486396
270010,25,True,0.38909310401712566,1.4756419331293706,1.252851730132874,1.7380501319009587
270011,25,True,0.3897780157235133,1.4766529637576404,1.2537029030480331,1.739250958159967
270012,25,True,0.38863832073188337,1.474970988421964,1.252284946554268,1.7372559038360906
270013,25,True,0.3876522602390952,1.4735172946350656,1.2510538115050676,1.735539428936745
270014,25,True,0.38633222382908017,1.471573481389747,1.2494036104683792,1.7332497625148702
270015,25,True,0.38622178146515335,1.4714109663102102,1.2492629108519748,1.7330621224490057
270016,25,True,0.38824561245112243,1.4743918688209026,1.2517890610505196,1.7365796286962942
270017,25,True,0.3885698734946963,1.474870034187934,1.2521923004474693,1.7371466163529337
270018,25,True,0.3889703354699036,1.4754607818330887,1.2526941162047396,1.7378420562260422
270019,25,True,0.38948340939368453,1.4762179965227535,1.2533397353401348,1.7387301398102164
270020,25,True,0.38898303221793357,1.4754795155057918,1.2527116220388856,1.737861900837085
270021,25,True,0.38942974715657247,1.476138781488042,1.2532723782046231,1.7386369795642587
270022,24,True,0.38870975409095865,1.4750763543174807,1.252368165670164,1.7373886615061112
270023,25,True,0.3884284677389291,1.4746614938208429,1.252015516139284,1.7369006161070588
270024,25,True,0.3896068403601803,1.4764002187825263,1.2534936399508108,1.738945884166296
270025,25,True,0.39011470714234503,1.477150223846035,1.254133078861664,1.7398255580571222
270026,25,True,0.39076039080884045,1.4781043036022432,1.2549471042705937,1.7409437616076475
270027,25,True,0.3911414877134421,1.4786677119267897,1.255428520817357,1.7416030988935125
270028,23,True,0.3864024240137742,1.4716767897460217,1.2494810073570555,1.7333857503431753
270029,11,True,0.38888622181720456,1.4753366806566892,1.2525933437224848,1.737689516074367
280003,23,True,0.38968016922652565,1.476508485506331,1.2535770382703881,1.739085226688694
280004,25,True,0.39020920027048467,1.4772898109863273,1.2542412494421016,1.7400043146521964
280005,25,True,0.3893360683725822,1.4760005050788754,1.2531487276886355,1.7384827856876675
280006,25,True,0.3852797474351328,1.4700254997885644,1.2481080918783305,1.7314004965519263
280007,25,True,0.386092587017397,1.4712208804622775,1.2491064751732568,1.7328313655631113
280008,25,True,0.3887156944303169,1.4750851167976307,1.2523750157630007,1.737399799909169
280009,25,True,0.3880101833534397,1.4740447949308448,1.2514995695911686,1.7361636474014248
280010,25,True,0.3871812178290337,1.472823368944379,1.2504636621953897,1.7347234803291096
280011,25,True,0.3866118207057786,1.4719849862640337,1.2497567211236063,1.7337292635951567
280012,25,True,0.3893006642461158,1.4759482494953662,1.253109975771892,1.738413449183954
280013,25,True,0.3891008354226771,1.4756533419597073,1.2528591292155251,1.7380667425876706
280014,25,True,0.38969128874239456,1.476524903657147,1.2535991342988857,1.7390932487673185
280015,25,True,0.3899559851375252,1.4769157862067843,1.2539304833777882,1.7395543600399261
280016,24,True,0.3891030297103478,1.4756565799711945,1.25286312562551,1.738068826093914
280017,25,True,0.3895465099660889,1.476311149662305,1.2534175532585927,1.7388416214142366
280018,25,True,0.3891422619102365,1.4757144743607615,1.2529161899671177,1.7381315903460492
280019,24,True,0.3887805372335206,1.4751807685526983,1.2524571780154303,1.7375111405852146
280020,25,True,0.3890567583828547,1.4755883009620077,1.2528053607343492,1.737988120245314
280021,25,True,0.38929997709397196,1.4759472352947107,1.2531096486898656,1.7384115138301368
280022,25,True,0.3878312368865939,1.4737810434222236,1.2512569250687784,1.7358789553402927
280023,25,True,0.3896455593675743,1.4764573846402091,1.2535522728189765,1.7389992072340217
280024,25,True,0.38819461521957777,1.4743166808345867,1.2517207902192304,1.7364972223609223
280025,25,True,0.3919238018797082,1.4798249472267944,1.2564111346428037,1.7429659878470953
280026,25,True,0.3898257491146878,1.476723451093475,1.2537703356679373,1.7393234542015734
280027,25,True,0.3906186456503366,1.477894804321549,1.2547719536873332,1.7406932361072571
280028,25,True,0.38755453281786195,1.4733732986260124,1.2509167043916578,1.7353904296607885
280029,18,True,0.38921232307985965,1.4758178682647718,1.2530089900403725,1.7382464113201597
290002,1,True,0.3889753124456206,1.475468125183845,1.2527028991917997,1.7378471701774294
290003,23,True,0.38921325743212803,1.4758192471991889,1.2529973991455696,1.7382657393293937
290004,25,True,0.3892729600871207,1.4759073601567987,1.253075245885502,1.738365308003259
290005,25,True,0.38945904549237015,1.4761820305313054,1.2533025032277336,1.7386970676684015
290006,25,True,0.38312098462470595,1.4668554862939518,1.2454258083220167,1.7276541109820427
290007,25,True,0.3873826863331508,1.4731201263579814,1.2507173142300356,1.735070652649354
290008,24,True,0.3891393465499282,1.475710172127628,1.252904869062329,1.7381371610046934
290009,25,True,0.3864482146375515,1.4717441802871385,1.24955218270865,1.7334457593549741
290010,25,True,0.389237223015292,1.475854616491914,1.253028989137885,1.7383052330809308
290011,25,True,0.389186561472498,1.475779849314029,1.2529639103158794,1.7382193898084985
290012,25,True,0.3878392729168033,1.4737928868187975,1.2512828457456282,1.7358708949161457
290013,25,True,0.38879170401719193,1.4751972416691925,1.2524755872879008,1.737524406795611
290014,25,True,0.388925506720106,1.4753946402533968,1.2526397655786634,1.737761648883046
290015,25,True,0.38981914701350034,1.4767137016480085,1.2537600599868488,1.7393147430919416
290016,25,True,0.3890862276326501,1.4756317860829777,1.2528419859635218,1.7380397468271305
290017,25,True,0.39039647001481703,1.4775664885773978,1.2544844366766963,1.7403187033157217
290018,25,True,0.3912581122182183,1.478840170872696,1.255567085424494,1.7418171250064216
290019,25,True,0.3889029272755237,1.4753613270379786,1.2526132532120435,1.7377199544533266
290020,25,True,0.3886742293400621,1.4750239535282081,1.2523246750118229,1.7373255569378967
290021,25,True,0.38914792586913893,1.475722832770567,1.2529188917925456,1.7381475316767538
290022,25,True,0.3890784839477467,1.4756203592996355,1.2528322258284108,1.7380263692848301
290023,25,True,0.38940740509642546,1.4761058018750182,1.253249352882452,1.7385912335144518
290024,25,True,0.38950063123170603,1.4762434199288923,1.2533609606199043,1.738760583228543
290025,25,True,0.39050615005956596,1.4777285570236594,1.2546295584967495,1.7404991564678518
290026,25,True,0.38824617433988956,1.4743926972653647,1.251786815537043,1.7365846953874626
290027,25,True,0.3907095473451152,1.4780291535701608,1.2548870441425446,1.7408500541943421
290028,24,True,0.38769156165430396,1.4735752070880928,1.2510818567122137,1.7356369443731832
290029,20,True,0.38742064318886194,1.473176042427255,1.2507528612849945,1.7351530579366155
300002,4,True,0.3891151629454448,1.4756744845680219,1.252875876058443,1.7380933147630637
300003,25,True,0.38838221592115296,1.4745932896234455,1.2519652840171471,1.7368096364664956
300004,25,True,0.3843015176796071,1.468588180232287,1.2458994119209599,1.7310797504853508
300005,25,True,0.3897826996309441,1.4766598802796282,1.2537050014517381,1.7392643400979415
300006,25,True,0.3879466777386638,1.4739511877822569,1.251425189190151,1.7360463276040183
300007,25,True,0.38533489883159083,1.4701065759834189,1.248170890641955,1.7315043644689898
300008,25,True,0.3877994515520999,1.4737341995432656,1.2512395932229166,1.7357926512772146
300009,25,True,0.38722446219624695,1.4728870616361511,1.250514036026781,1.7348036358135812
300010,25,True,0.38748285875624544,1.4732676997618175,1.2508425008641242,1.7352446160583848
300011,25,True,0.38962190076207703,1.4764224541306177,1.2535102766980348,1.7389751831976292
300012,25,True,0.3876133497676613,1.473459960497922,1.250999848849705,1.7354792306224902
300013,25,True,0.38775936720224363,1.4736751270499653,1.2511875607709173,1.7357256802869987
300014,25,True,0.38971568479920565,1.4765609254819732,1.25362669766073,1.7391398657419301
300015,25,True,0.3886380516934953,1.4749705915982,1.2522827315309837,1.7372580418958834
300016,25,True,0.38819747716809394,1.4743209002590616,1.251728878317296,1.7364959414076142
300017,25,True,0.3904683018412524,1.4776726286890254,1.254575550796616,1.7404423322216587
300018,25,True,0.3908339639346235,1.4782130563566835,1.255031693158463,1.7410825972722828
300019,25,True,0.38977018362897137,1.4766413985173128,1.253700862330495,1.7392265454471387
300020,25,True,0.38918515711319734,1.4757777767903273,1.2529662073990968,1.7382113209494454
300021,25,True,0.3892357212742412,1.4758524001421154,1.253024776261246,1.7383058565723983
300022,25,True,0.38909315353740775,1.475642006203577,1.2528396804430884,1.7380670204366457
300023,25,True,0.3899735213709612,1.4769416859738682,1.2539472662793572,1.7395920884613694
300024,25,True,0.39082329442759084,1.4781972846362212,1.2550255380965534,1.7410539833475431
300025,25,True,0.38825661563023256,1.4744080919079663,1.2517943278157977,1.7366105383116723
300026,25,True,0.38913940267187663,1.4757102549473604,1.2529037145148,1.7381389577890658
300027,25,True,0.38878109306844755,1.4751815885099209,1.252453127699117,1.7375186910798657
300028,25,True,0.3848415967868799,1.4693815482470785,1.247520387989276,1.7306988768407534
300029,20,True,0.3884554955789606,1.4747013512744265,1.2520442067365607,1.7369547047536489
300030,2,True,0.3887528759099282,1.4751399636644633,1.2524197965021624,1.7374668769029133
310002,12,True,0.3889290728004713,1.4753999016386357,1.2526414769511092,1.7377716687567875
310003,25,True,0.38938406402616516,1.4760713483878773,1.2532099928823657,1.738564676236284
310004,25,True,0.41233384889539404,1.5103385770362678,1.275209689498176,1.7888215844576996
310005,25,True,0.3894154075936838,1.4761176144549157,1.2532514804440078,1.7386161083425271
310006,25,True,0.3889762487341053,1.4754695066483068,1.2527050249782785,1.737847475375735
310007,25,True,0.3891279677686723,1.4756933804399168,1.252894630295285,1.738111809578872
310008,25,True,0.3895153376869897,1.476265130396377,1.253375403232539,1.7387916897072655
310009,25,True,0.38812372711971216,1.4742121730307056,1.2516436375948488,1.736358070167735
310010,25,True,0.3893666387869001,1.4760456277155543,1.2531911164930987,1.7385302739737405
310011,25,True,0.38964779546096234,1.476460686140496,1.2535439866066076,1.739018479614454
310012,25,True,0.3899494775816175,1.476906175126007,1.2539218733518183,1.7395436641476694
310013,25,True,0.38894288480182376,1.4754202800048053,1.2526619094294813,1.7377913276223915
310014,25,True,0.38817353715590686,1.4742856054212228,1.2517001190405226,1.7364526960485622
310015,25,True,0.38862654941638514,1.474953626175297,1.252266790374951,1.737240192017132
310016,25,True,0.3872113309581688,1.4728677209324665,1.2504940227594514,1.7347858397417533
310017,25,True,0.3883630386111387,1.4745650111619386,1.2519345291242043,1.736785687718093
310018,25,True,0.38976926540681356,1.4766400426330841,1.2536987625651355,1.739226264406679
310019,25,True,0.3897392400676751,1.476595706680623,1.2536624363025124,1.7391722188137153
310020,25,True,0.3897835246879842,1.476661098608761,1.2537144524673618,1.739254098772702
310021,25,True,0.38790163158180263,1.4738847934412624,1.2513519447997135,1.7359915356866997
310022,25,True,0.3904566058402823,1.4776553459295965,1.2545595565612642,1.7404238084473034
310023,25,True,0.38901445923839445,1.475525886159357,1.2527454839985475,1.7379241582074467
310024,25,True,0.3890150371785792,1.4755267389253068,1.252746980343947,1.7379240911726614
310025,25,True,0.3881143910229923,1.4741984097075207,1.2516175285704487,1.7363618690019476
310026,25,True,0.38876789780984217,1.4751621232357957,1.2524357312279584,1.7374969713583361
310027,25,True,0.38975596649445715,1.4766204050571548,1.2536913318119862,1.7391903136793383
310028,25,True,0.3869399468273109,1.472468062239119,1.2501430961129323,1.7343312146071033
310029,18,True,0.38886065780749696,1.4752989656175388,1.2525670149363233,1.737637197849112
310030,4,True,0.3889989976531572,1.4755030723664675,1.252735382134072,1.7378844308317647
320002,17,True,0.3894667841069139,1.4761934541792376,1.2533094778438878,1.73871430216142
320003,25,True,0.3880911079360988,1.4741640862174292,1.2516076918367918,1.7362946610723176
320004,25,True,0.38925427221445086,1.4758797788456983,1.2530457975031983,1.7383411890817724
320005,25,True,0.38842918372032564,1.4746625496514167,1.2520204484982833,1.7368962607222134
320006,25,True,0.3875012250253946,1.4732947584414027,1.2508707523657037,1.7352691644166902
320007,25,True,0.3892780806867757,1.4759149177068673,1.2530832238141,1.7383720433821979
320008,25,True,0.3886590831299319,1.475001612674651,1.2523143706298698,1.7372872246914777
320009,25,True,0.3891523574716678,1.4757293726020955,1.2529247732408542,1.7381547780617894
320010,25,True,0.38907250034532265,1.4756115298004928,1.2528248018090167,1.7380158692069718
320011,25,True,0.3897419074603085,1.4765996453463865,1.2536587724916128,1.739186579697197
320012,25,True,0.38982969126732997,1.476729272574204,1.2537715597023755,1.7393354695293988
320013,25,True,0.3898678011152187,1.4767855515745398,1.2538187063682407,1.7394026379271446
320014,25,True,0.389131390831736,1.4756984318400663,1.2529004646774662,1.7381156150307857
320015,25,True,0.3895672080080217,1.476341706728621,1.2534449883797445,1.738875543189016
320016,25,True,0.3896416281176017,1.4764515803285654,1.253536891375523,1.7390068725162726
320017,25,True,0.3897842437013072,1.4766621603481462,1.253716177958306,1.7392542061274818
320018,25,True,0.3892839772351871,1.4759236205362891,1.2530902852399162,1.7383827480873668
320019,25,True,0.38897348970748896,1.4754654357942822,1.2527017391129516,1.7378424442558542
320020,25,True,0.3895229581171619,1.4762763802145829,1.2533885980527015,1.7387998854987465
320021,25,True,0.3874977014635243,1.4732895672053141,1.250848602109148,1.7352876640514632
320022,25,True,0.38758152834594817,1.4734130736531483,1.250951283739791,1.73543615473326
320023,25,True,0.3885281161910999,1.4748084488779785,1.252136571917923,1.737078853587261
320024,25,True,0.38969850904424286,1.4765355646511258,1.2536114010045831,1.7391013450679746
320025,25,True,0.3885379543298905,1.474822958319561,1.2521452800445176,1.7371009523025394
320026,25,True,0.38931269175647903,1.4759660015849891,1.253124928643206,1.7384345231991174
320027,25,True,0.3886041684502931,1.4749206156576073,1.2522291450836263,1.737214655187201
320028,23,True,0.38765064203367355,1.4735149101833198,1.2510378068534653,1.7355560148845897
320029,25,True,0.3879941186011373,1.4740211149565385,1.2514740402045028,1.7361432818715692
320030,11,True,0.3878057846399428,1.4737435328609627,1.2512298564345479,1.7358281449889024
330002,21,True,0.38803214648432244,1.4740771699251298,1.2515333929574837,1.7361929894333203
330003,25,True,0.38868066667358947,1.47503344877992,1.2523353888419202,1.737333061418599
330004,25,True,0.3893778064832717,1.476062111837,1.253203463685842,1.7385519759039574
330005,25,True,0.38942793623165606,1.476136108313963,1.2532605937685481,1.738647030874973
330006,25,True,0.38953264440268487,1.476290679918368,1.2533904799178566,1.7388309601303744
330007,25,True,0.3888247426309988,1.4752459809462837,1.252519871055689,1.737577785862847
330008,25,True,0.38554928290160656,1.4704217772003876,1.2484322341667249,1.7318843135352737
330009,25,True,0.3863115957459868,1.471543125962783,1.2493819223882123,1.733208343073389
330010,24,True,0.3881992462091652,1.4743235083955932,1.25172959383854,1.7365010926539353
330011,25,True,0.3889340848881531,1.4754072964908405,1.2526506699041637,1.737776335285042
330012,25,True,0.38966360641431164,1.476484030576075,1.2535638371557019,1.7390459328282293
330013,25,True,0.3903674638494001,1.4775236306609905,1.2544446575563797,1.7402729295481247
330014,25,True,0.38888942034403035,1.475341399568186,1.2525997972796226,1.737691679343228
330015,25,True,0.38937595539544206,1.4760593795189179,1.253441213707725,1.738215775928531
330016,25,True,0.3893684739500426,1.4760483365025725,1.2531958844500968,1.7385300404557542
330017,25,True,0.38967710726954213,1.4765039645077842,1.253582790264362,1.7390665970673236
330018,25,True,0.388997859390333,1.4755013928571292,1.2527322955003386,1.7378847564984323
330019,25,True,0.38913074746249393,1.4756974824213902,1.2528978793816232,1.7381169650471757
330020,25,True,0.388900542796917,1.4753578090746513,1.2526080642870887,1.7377188658260752
330021,25,True,0.388089597966718,1.4741618602764772,1.2515901544920958,1.7363137465520293
330022,25,True,0.3890556843231655,1.4755867160929468,1.2528048862998746,1.7379850450142558
330023,25,True,0.3895104182176213,1.476257867973152,1.253375566486632,1.7387743554484554
330024,25,True,0.3896716210267239,1.4764958640707333,1.2535767177707122,1.739055939468019
330025,25,True,0.3882839763933507,1.4744484333903929,1.2518361986194564,1.736647482414154
330026,25,True,0.387772015076206,1.473693766025105,1.2511913747592656,1.7357642962005835
330027,25,True,0.38929672027468715,1.4759424284091192,1.2531155273668237,1.7383920352145825
330028,24,True,0.38904310870622794,1.4755681597963257,1.252801446025493,1.7379461055957384
330029,23,True,0.3888532322459707,1.475288010734973,1.25255497380204,1.7376280962837283
330030,16,True,0.3875773860724077,1.4734069703858,1.2509485949900174,1.7354255075515599
340001,3,True,0.38925197140896967,1.47587638313732,1.2530449282236669,1.738334395870672
340002,25,True,0.38832945151738607,1.4745154856403782,1.2518950611280146,1.7367237757406206
340003,25,True,0.38880003569004523,1.475209532581206,1.2524891584200086,1.7375345330443819
340004,25,True,0.38885900224998826,1.4752965231772805,1.2525610444464652,1.737639726980984
340005,25,True,0.389301693646153,1.475949768837331,1.2531180791920993,1.7384057865763378
340006,25,True,0.38940015765103764,1.476095103917599,1.2532307909392386,1.7385917833829754
340007,25,True,0.3887037893506285,1.4750675558963002,1.252369799294055,1.7373656692171668
340008,25,True,0.3892803800831213,1.4759183114241374,1.253085614993347,1.738376720579178
340009,25,True,0.3875149192872429,1.4733149342637508,1.2508832472592837,1.7352993576983013
340010,25,True,0.389952172904679,1.4769101558706452,1.2539260402381407,1.7395472607775146
340011,25,True,0.3902641661103122,1.477371013693124,1.2543131084475911,1.7400959117791481
340012,25,True,0.38945627253419773,1.4761779371459554,1.25330232298696,1.7386876750719629
340013,25,True,0.3891082330475572,1.4756642583299617,1.2528692241774875,1.738078453273611
340014,25,True,0.3889419129226309,1.4754188460752313,1.2526622080673777,1.7377875354860859
340015,25,True,0.38867410937741564,1.4750237765804417,1.252331108777735,1.7373162147198353
340016,25,True,0.3901312103360269,1.4771746017434324,1.2541484641763652,1.7398616402794695
340017,25,True,0.29591365381494905,1.3443540719749099,1.1458688720119148,1.5772204961482963
340018,25,True,0.3886589179739524,1.475001369069335,1.252308174101623,1.7372952470881688
340019,25,True,0.3889596716643204,1.4754450478900574,1.252683785014171,1.7378193247058493
340020,25,True,0.3878794203491915,1.473852057006833,1.2513289260232232,1.735946353327533
340021,25,True,0.3889361119845739,1.4754102872867216,1.2526521911000077,1.7377812702502151
340022,25,True,0.38962715184755453,1.4764302069714805,1.2535231401347098,1.73897560105958
340023,25,True,0.38920996550877324,1.4758143889233382,1.2529933732165537,1.7382598799880002
340024,25,True,0.39065371234230734,1.4779466301120914,1.2548199093293797,1.7407487920932565
340025,25,True,0.39087401970244284,1.4782722685015426,1.2551025945449017,1.7411237211353856
340026,25,True,0.3887663102656364,1.4751597813525732,1.2524393508711538,1.7374864331806197
340027,25,True,0.4577545979567436,1.5805210923608521,1.334416200070847,1.8720148355999535
340028,23,True,0.3886261405391671,1.4749530231004848,1.252279951865,1.7372205129638492
340029,22,True,0.3892797993207563,1.4759174542665772,1.2530993899583782,1.738355591954352
340030,21,True,0.3897289140660761,1.4765804594297165,1.253669871999175,1.7391259867263582
350001,7,True,0.3888972897974232,1.4753530097442513,1.2526030255407785,1.7377145504033111
350002,25,True,0.38880774319338185,1.4752209028074186,1.2525091084081896,1.7375336414485316
350003,25,True,0.38922251318110845,1.4758329070748977,1.253009149128297,1.738281616794585
350004,25,True,0.3887721327882837,1.4751683705288139,1.2524467265670172,1.7374964341784271
350005,25,True,0.3894031981697387,1.47609959201919,1.2532360667269473,1.7385950368071776
350006,25,True,0.3890734002420875,1.475612857699132,1.2528271853104047,1.7380156907015956
350007,25,True,0.3885450224211046,1.4748333825395945,1.252185836583376,1.7370692453989853
350008,25,True,0.3885130404098605,1.474786215156029,1.2521440059481281,1.737016165937983
350009,25,True,0.38934167293832905,1.4760087774439299,1.2531604254673363,1.7384860444177108
350010,25,True,0.3891046919632721,1.4756590328876984,1.2528674383184666,1.7380686214222933
350011,25,True,0.3876430381647483,1.4735037058116818,1.251045365844091,1.7355191348923014
350012,25,True,0.38794967694686844,1.4739556084753818,1.251420855537149,1.7360627531043566
350013,25,True,0.3891512694752142,1.4757277670146451,1.2529231764624624,1.7381532110267233
350014,25,True,0.3891042366829965,1.4756583610494,1.2528642099491176,1.7380715174419734
350015,25,True,0.38387220254774845,1.4679578284235113,1.246855783285216,1.7282673865875164
350016,25,True,0.3855181540204254,1.4703760053280162,1.2484733830624415,1.7317194153880038
350017,25,True,0.3870596915510313,1.4726443930775521,1.2504646529170869,1.734300528530452
350018,25,True,0.38857638027898633,1.474879630880324,1.2522046223204064,1.7371521289825476
350019,25,True,0.3883427834413158,1.474535143899707,1.251911158039663,1.7367477529315583
350020,25,True,0.38801555141762817,1.474052707719159,1.2516005293079917,1.736042238920704
350021,25,True,0.38872169147927393,1.4750939629818174,1.2523823707042807,1.7374104351227642
350022,25,True,0.38864042785751374,1.4749740963744122,1.252280046108088,1.7372700233760137
350023,25,True,0.36702584631951024,1.443435226121098,1.2237289313497022,1.7025872304165268
350024,25,True,0.3906144052458455,1.4778885374630704,1.2547742725236164,1.7406752568905772
350025,25,True,0.3901420273102917,1.4771905803895042,1.254175408542247,1.7398619012373788
350026,25,True,0.3980459284684377,1.4889124118036399,1.2633239686588906,1.754783590765153
350027,25,True,0.3895010172883224,1.476243989842542,1.2533709688218115,1.7387480416869714
350028,25,True,0.37349127177938335,1.4527978831477155,1.2322048081084376,1.7128822054496824
350029,22,True,0.3874517177334558,1.473221821413157,1.2507984666280332,1.7351976301497463
350030,23,True,0.44024570663245793,1.553088775846854,1.3074874237832899,1.844824433325694
360001,4,True,0.38882853235083686,1.4752515717258374,1.252518360133056,1.737593051848243
360002,25,True,0.3885953458020485,1.4749076030092296,1.2522321027926828,1.7371798986490117
360003,25,True,0.38913203194418833,1.4756993779290102,1.2529201384845017,1.738090551129732
360004,25,True,0.3886407519998369,1.4749745744760199,1.2523111338666357,1.7372280230660313
360005,25,True,0.38816320590874964,1.4742703742909313,1.2516863312604793,1.7364359442378676
360006,25,True,0.38805156478960495,1.4741057942835427,1.2515732362582648,1.7362051454829237
360007,25,True,0.38882174745501585,1.4752415623315698,1.2525290780233214,1.7375546048520312
360008,25,True,0.389377209221077,1.4760612302411669,1.2532147706923884,1.7385342132676316
360009,25,True,0.3891852232820913,1.4757778744409136,1.252972965626833,1.738202175495286
360010,25,True,0.38958542079402014,1.4763685952690433,1.2534610367795138,1.7389166197753105
360011,25,True,0.3888655635755879,1.4753062031098816,1.2525659789506631,1.7376556840206383
360012,25,True,0.38934037912772035,1.4760068677693505,1.253164800830751,1.7384754760571384
360013,25,True,0.3899773190347787,1.47694729491252,1.253963627200785,1.7395826040176905
360014,25,True,0.3889180339313681,1.47538361498214,1.2525921521055365,1.7378017319514276
360015,25,True,0.3837547467917696,1.4677854184524985,1.2463416480636194,1.7285742139556632
360016,25,True,0.38875927638075825,1.4751494052849863,1.2524348732628319,1.737468202433219
360017,25,True,0.3868156962831271,1.4722851186467485,1.250113330534918,1.7339415696504523
360018,25,True,0.38913542175577753,1.4757043802803422,1.2526675365868092,1.738452825170404
360019,25,True,0.3889796066160185,1.475474461108995,1.2527087543084836,1.7378539727589222
360020,25,True,0.3885520584785387,1.4748437595884865,1.2521714660091205,1.7371136256040978
360021,25,True,0.38723888226450753,1.4729083009212556,1.2504148218681035,1.734991320465633
360022,25,True,0.3887787110463044,1.4751780745988972,1.2525290767043396,1.7374050568975266
360023,25,True,0.3898334695812895,1.4767348521315697,1.2537842336252236,1.7393310308222534
360024,25,True,0.38532057368694855,1.4700855166449176,1.2483902631654282,1.7311504983780648
360025,25,True,0.38981224742905224,1.476703512972267,1.2537636184769174,1.7392858056239582
360026,25,True,0.3884126256458307,1.4746381322812174,1.2519897036926289,1.7368813934844505
360027,25,True,0.38983212514131643,1.4767328667515396,1.2537942914027307,1.7393124013225751
360028,25,True,0.38985586749616874,1.476767928283504,1.253823041652608,1.7393551095793232
360029,24,True,0.42792647119338845,1.5340732782431017,1.2995106227716442,1.8109746713729509
360030,24,True,0.6063484843033796,1.8337232894772268,1.5287373888892175,2.1995544341428115
360031,7,True,0.38905758960406067,1.4755895275028044,1.2528151311223883,1.7379774554009928
370002,22,True,0.3886218741650296,1.4749467304124766,1.2522727447615234,1.7372156877603688
370003,25,True,0.3895342813492073,1.4762930965292405,1.2534154860502433,1.7388019624105153
370004,25,True,0.38731441562173013,1.4730195588318942,1.250638055095052,1.734943704824653
370005,25,True,0.388865524412888,1.4753061453329086,1.252568243556189,1.7376524062893572
370006,25,True,0.3882948724367459,1.4744644991320335,1.251858525741011,1.7366543539045658
370007,25,True,0.3869311816476061,1.4724551558485075,1.250152885246207,1.7342872312436082
370008,25,True,0.3888378893961822,1.4752653757862724,1.2525344087848278,1.7376033055293854
370009,25,True,0.38842698381026985,1.4746593055300132,1.2520182576022798,1.7368916580744125
370010,25,True,0.38878484468584057,1.4751871228372075,1.2524681342141613,1.7375109098085932
370011,25,True,0.3891987468005395,1.475797832285174,1.252984017306605,1.7382338574911507
370012,25,True,0.38961874626646154,1.4764177967698053,1.2535110542340906,1.7389631333969324
370013,25,True,0.3894475518308792,1.476165063892252,1.2532961792224,1.7386658732239997
370014,25,True,0.38431846350214655,1.4686130668778345,1.2469546052328115,1.7296735030716142
370015,25,True,0.3739507138616988,1.4534655129892107,1.2345273430256711,1.7112314355641294
370016,25,True,0.38816884197112944,1.4742786833941408,1.252008874661706,1.7360081707868427
370017,25,True,0.3821726941352714,1.4654651405169525,1.2451598741299563,1.7247488637320394
370018,25,True,0.37557391956688496,1.4558267023317542,1.236963742462682,1.713414318032116
370019,25,True,0.3886329602467994,1.4749630818831727,1.2522741691367785,1.7372522300112123
370020,25,True,0.38863091673270717,1.4749600677784092,1.2522706128129382,1.7372500634300698
370021,25,True,0.3887676258539537,1.4751617220568243,1.2524403961349666,1.7374895547421743
370022,25,True,0.38909685015120216,1.4756474610922552,1.2528529512149091,1.7380614598995294
370023,25,True,0.38806182079002755,1.4741209127907193,1.2516887070097564,1.7360805872557943
370024,25,True,0.38072561618261963,1.4633460318492375,1.2428236243380182,1.7229971872070764
370025,25,True,0.3894567182072521,1.476178595038832,1.2533085531810315,1.7386805818248203
370026,25,True,0.38943436744519483,1.4761456016910148,1.2532907784847378,1.7386275194861038
370027,25,True,0.3892860033309841,1.4759266109019626,1.2531108849146169,1.7383612152702517
370028,25,True,0.3877090784206821,1.473601019586811,1.251140344329858,1.7356166114924527
370029,25,True,0.38869134459991667,1.4750491991625068,1.2523843223250846,1.737302281068624
370030,23,True,0.38890565147447564,1.475365346221234,1.2526388448469978,1.7376939201469297
370031,12,True,0.3890921201183528,1.4756404812477977,1.2528711245820823,1.7380198068046155
380002,14,True,0.38914344571812565,1.4757162213242325,1.252915653465055,1.7381364498533745
380003,25,True,0.3890647312745796,1.475600065714661,1.2528156814698597,1.738001516218646
380004,25,True,0.388771196283226,1.4751669890268209,1.2524483579589243,1.7374909166401133
380005,25,True,0.3885004973333714,1.4747677169157398,1.2521144791395533,1.7370135519489172
380006,25,True,0.3873432727206467,1.4730620665163308,1.250663994664625,1.7350078526816797
380007,25,True,0.3888444576801506,1.4752750657800124,1.2525429651926678,1.7376142617011447
380008,25,True,0.3879762587121316,1.4739947893381204,1.2514577405916598,1.7361038799190671
380009,25,True,0.38896306806504344,1.475450059101195,1.2526857059610526,1.7378284645082425
380010,25,True,0.3889291224315687,1.4753999748643538,1.2526450159495446,1.7377669316631168
380011,25,True,0.3706961768476747,1.448742844896182,1.2309481110556475,1.7050725467525412
380012,25,True,0.39304696424073937,1.4814879646528998,1.2577242225151855,1.7450618745516706
380013,25,True,0.3858546126767297,1.470870809298903,1.2491422439604103,1.7319572275358717
380014,25,True,0.38927293935635865,1.4759073295601146,1.2530774067632315,1.7383622381924073
380015,25,True,0.38596800353112437,1.471037602052881,1.2492182232608566,1.7322446842032844
380016,25,True,0.38684128729001255,1.4723227963874606,1.250262355792792,1.7338236304712467
380017,25,True,0.3617726093114953,1.435872400821724,1.220481623397677,1.6892753745049676
380018,25,True,0.3871221512817968,1.4727363769224702,1.2505216750095567,1.7344380983193664
380019,25,True,0.3899748988618938,1.4769437204490496,1.2539622747453516,1.7395760600667682
380020,25,True,0.3888542214544756,1.4752894701031423,1.2525497972708357,1.7376387153145623
380021,25,True,0.3879016007226557,1.4738847479584358,1.2514744451186648,1.735821501379935
380022,25,True,0.3890549286416385,1.4755856010197452,1.2527953168807147,1.7379956937882777
380023,25,True,0.39712549249443063,1.4875425937692779,1.262427472011562,1.7528000755179738
380024,25,True,0.3886415881235364,1.4749758077377333,1.2522685803324693,1.7372899612589363
380025,25,True,0.3894052180926229,1.4761025736295468,1.2532454123045864,1.7385890955459733
380026,25,True,0.38954904337632384,1.4763148897688192,1.2534201174227193,1.738846874609462
380027,25,True,0.3889861798008896,1.4754841597072756,1.2527407369227883,1.7378324511860002
380028,25,True,0.3881900771769362,1.4743099903378027,1.2517159295286913,1.736488204978165
380029,25,True,0.3886955912831655,1.4750554632425328,1.2523701841734076,1.7373366494489901
380030,25,True,0.3888838660962054,1.4753332051791834,1.252625784223597,1.737636326601235
380031,17,True,0.3891377096717896,1.4757077565718852,1.2529220004005663,1.7381077051166787
390002,7,True,0.38906691983548053,1.4756032951588043,1.252834302254648,1.7379832917768783
390003,25,True,0.38888826470892107,1.4753396946128519,1.2526152646958746,1.7376662059349974
390004,25,True,0.38874736437499013,1.4751318334014203,1.25242191616952,1.7374447842381127
390005,25,True,0.3893002708808556,1.4759476689087132,1.2531033346159273,1.7384212947009232
390006,25,True,0.38893787836488153,1.4754128934247004,1.252657031111466,1.7377806949699253
390007,25,True,0.388930460680613,1.4754019493182813,1.2526534449136355,1.7377598895297532
390008,25,True,0.3893397427913367,1.476005928532777,1.2531600055702092,1.7384799158768298
390009,25,True,0.3902645861290996,1.477371634216836,1.2543126045962099,1.7400980725145139
390010,25,True,0.3894371448869341,1.4761497016051157,1.253279137490715,1.7386533265938255
390011,25,True,0.38958947480597267,1.476374580497107,1.253471689871738,1.7389159400648653
390012,25,True,0.3938905372423531,1.4827382351751828,1.2582692607163608,1.7472513576297282
390013,25,True,0.3890084673033288,1.4755170449305475,1.2527464302787634,1.737902018524301
390014,25,True,0.3895517050007097,1.4763188191697603,1.253427103934777,1.7388464386902294
390015,25,True,0.3892653318841169,1.4758961016787815,1.2530662194691522,1.7383513090580516
390016,25,True,0.38904098487254324,1.4755650259382918,1.252786074315924,1.7379600479364912
390017,25,True,0.3617750245143772,1.4358758687490725,1.2205674288987,1.68916477831641
390018,25,True,0.41047807204737086,1.507538324797615,1.2774692299619732,1.7790423028829043
390019,25,True,0.3026413364744702,1.353428951780252,1.146789816947092,1.5973022261336505
390020,25,True,0.38883443158169234,1.475260274601099,1.2525236896211742,1.7376061593488583
390021,25,True,0.3889422654407899,1.4754193661872583,1.2526648888986451,1.7377850416437626
390022,25,True,0.38054170562901085,1.4630769318163255,1.2425188849522515,1.7227859747945262
390023,25,True,0.38751637606610456,1.473317080559367,1.2508545398759425,1.7353442392136647
390024,25,True,0.38903977872452494,1.4755632461895332,1.2527531217562502,1.738001570854621
390025,25,True,0.3887011089235909,1.47506360209064,1.252346280505589,1.7373889826495987
390026,25,True,0.3899022412652085,1.4768364131662743,1.2538781904800285,1.7394399295029177
390027,25,True,0.38741583027392484,1.473168952173338,1.2507378588808773,1.7351571684168452
390028,25,True,0.38883170205552686,1.4752562478450741,1.2525296358638136,1.7375884246483115
390029,25,True,0.38869354036546505,1.4750524380282763,1.2523602330708188,1.7373433278044093
390030,25,True,0.3886598802039979,1.4750027883606522,1.2523252180444198,1.7372749460951364
390031,23,True,0.3892732998871101,1.4759078616701893,1.253110007190999,1.7383182670632467
400003,24,True,0.3888652436501973,1.4753057311220439,1.2525605218848461,1.7376621426694199
400004,25,True,0.38989096910171384,1.4768197661185944,1.2538382380044228,1.7394561399481636
400005,25,True,0.3890589335466164,1.475591510611698,1.2528010015257869,1.7380017285566438
400006,25,True,0.3895953899623715,1.4763833135094824,1.2534772262941019,1.7389288314822693
400007,25,True,0.3910773165999577,1.4785728272177032,1.2553314940355973,1.7415141863114598
400008,25,True,0.3931558434088045,1.4816492766115863,1.2579292848272685,1.7451573831394511
400009,25,True,0.39295688531885786,1.481354519824637,1.257682999325584,1.744804704032419
400010,25,True,0.3916591977023341,1.4794334311646529,1.256060421127789,1.7425302480930105
400011,25,True,0.38938807792945607,1.476077273207411,1.2532202820248268,1.7385643591397466
400012,25,True,0.38814174888284325,1.4742387411726947,1.2516637813694294,1.7363927105061587
400013,25,True,0.38909345503869974,1.4756424511116155,1.2528534223658598,1.7380490044962456
400014,25,True,0.38950705262288465,1.4762528994958024,1.2533689171768685,1.7387718758644068
400015,25,True,0.3894553469526364,1.4761765708235077,1.253304596235087,1.7386813028486723
400016,25,True,0.389165289311197,1.475748456620926,1.252941769878968,1.7381761543710206
400017,25,True,0.38914426351373804,1.4757174281589769,1.2529163857596455,1.7381382768426135
400018,25,True,0.3131983145398271,1.3677927573239048,1.164845972437945,1.6060982063337965
400019,25,True,0.28671786111263514,1.332048337817651,1.1311329055141437,1.5686510096497064
400020,25,True,0.38906930962124464,1.4756068215387663,1.2528160127773427,1.7380169710192892
400021,25,True,0.38490408012214034,1.4694733629753984,1.2479624174085056,1.7303020783096137
400022,25,True,0.3900787893416595,1.4770971688115282,1.254070906467014,1.7397868293250458
400023,25,True,0.4132648591475494,1.511745372504601,1.2813516791085928,1.7835650497441558
400024,25,True,0.3891611753303307,1.4757423854325005,1.252954674167602,1.7381439513036125
400025,25,True,0.38914979474595357,1.475725590717331,1.2529202518328078,1.7381521416964225
400026,25,True,0.39020546253690686,1.477284289280916,1.2542593807520659,1.7399661544071146
400027,24,True,0.3882647172097271,1.4744200369907174,1.2518038330507857,1.7366254904186036
400028,25,True,0.38783829333956454,1.4737914431255381,1.251288627628645,1.7358594730828771
400029,25,True,0.3887431916983203,1.475125678166076,1.252405655842713,1.7374528422428364
400030,25,True,0.387869592052322,1.4738375716224583,1.2513622446191774,1.7358660107146209
400031,25,True,0.38860066121642023,1.4749154427751354,1.2522557455857946,1.7371655678201354
400032,3,True,0.38903504205142947,1.4755562569453573,1.2527763535633565,1.7379528765989618
410003,18,True,0.38958878683842085,1.4763735647996505,1.2534561109742206,1.7389351599595473
410004,25,True,0.38968315431423184,1.4765128930202376,1.2535631092832704,1.7391149333530298
410005,25,True,0.38973630364876855,1.4765913707834386,1.2536310920517157,1.7392054888362403
410006,25,True,0.39077463891954034,1.4781253639460215,1.254944554177623,1.740996910395228
410007,25,True,0.39345763291701114,1.4820964902969145,1.25830554450496,1.7456888878405266
410008,25,True,0.39347296826071365,1.4821192189302688,1.2583227276945064,1.7457185909271569
410009,25,True,0.3923150893771702,1.480404097526823,1.256880829937337,1.7436786684728665
410010,25,True,0.3906785449022124,1.4779833317660163,1.2548346212088102,1.7408148389098952
410011,25,True,0.39001086633719056,1.4769968433411722,1.254002043493986,1.7396460289342817
410012,25,True,0.3897584455739676,1.4766240657210832,1.253687959844908,1.7392036146988268
410013,25,True,0.3895944540736249,1.4763819317796,1.2534796039576492,1.7389222781154312
410014,25,True,0.3895773675962477,1.4763567058286347,1.2534564736832838,1.7388949425904947
410015,23,True,0.3898844493382758,1.4768101376344667,1.2538436118004141,1.739426003445713
410016,25,True,0.38927237032570366,1.4759064897238392,1.2530718092640198,1.7383680251240743
410017,25,True,0.3895707313695096,1.4763469084232974,1.253448316940039,1.738883178950643
410018,25,True,0.38882653915703674,1.4752486312664814,1.2525191874177168,1.7375849774729306
410019,25,True,0.38972093055912294,1.4765686711864074,1.2536456891544985,1.7391317655306833
410020,25,True,0.38948257459903335,1.4762167641843804,1.2533398841332632,1.7387270304303937
410021,25,True,0.3891839326512758,1.4757759697577413,1.2529628221489706,1.7382117604886596
410022,25,True,0.3707097836912434,1.448762557847559,1.2307254171672548,1.705427481827785
410023,25,True,0.38956429416933247,1.476337404913305,1.2534316368813974,1.7388839319302967
410024,25,True,0.38965530201890786,1.476471769319789,1.2535454331724025,1.7390425810745167
410025,25,True,0.3816840591760033,1.4647492379394649,1.2437703089956595,1.7249891837156974
410026,25,True,0.38927469250934454,1.4759099170537244,1.253091298149952,1.7383490624135378
410027,25,True,0.3890256614638697,1.4755424154256105,1.2528074016091164,1.7378772003770078
410028,25,True,0.38991555236069975,1.4768560716076324,1.2538526808852315,1.7395216276161316
410029,25,True,0.3875966698761305,1.4734353835505767,1.250987586774796,1.7354383468312247
410030,25,True,0.3891573821191981,1.475736787640672,1.2529606709041323,1.7381224462732074
410031,25,True,0.3891800525349954,1.4757702435864837,1.2529747017838273,1.7381817915036062
410032,6,True,0.38867287149840835,1.4750219506806035,1.2523061787800471,1.7373464986885985
420003,12,True,0.3892283043906108,1.4758414539572013,1.253012018863566,1.7382977692376536
420004,25,True,0.3893663303132302,1.4760451723944128,1.2531666827073638,1.738563098599086
420005,25,True,0.38944660428977035,1.4761636651658332,1.2532735059817242,1.738694032831172
420006,25,True,0.3903596367272923,1.4775120659483754,1.2544189378332857,1.740281367876771
420007,25,True,0.3925005340072294,1.4806786559739349,1.2571079828427065,1.744010309519369
420008,25,True,0.3919525669681513,1.4798675151345133,1.2564196618917212,1.743054433781326
420009,25,True,0.3908103315889454,1.4781781231275286,1.2549928171682483,1.7410542385597523
420010,25,True,0.3890038000508479,1.4755101583360297,1.2527373767807504,1.7378983557970817
420011,25,True,0.38968920464829815,1.4765218264435187,1.2535979044297791,1.739087706082094
420012,25,True,0.39002948660663395,1.4770243456764118,1.2540270766847121,1.7396760869696366
420013,25,True,0.3885520793822049,1.4748437904181284,1.2521732370210341,1.7371112413404615
420014,25,True,0.3897335828958482,1.4765873533486196,1.2536393437891016,1.7391845771840042
420015,25,True,0.38805699672509436,1.4741138015528692,1.2515455036143117,1.736262479992344
420016,15,True,0.38857055375791394,1.4748710374881104,1.2521925244207153,1.7371486690735185
420017,18,True,0.3885272771313331,1.4748072114260644,1.2521373633504478,1.7370748406184011
420018,21,True,0.3894385197636896,1.4761517311304233,1.2532856854355532,1.738649023635877
420019,23,True,0.34874094606685513,1.4172819903077685,1.2033718713122488,1.6692165472177125
420020,20,True,0.3897298360720614,1.4765818208463655,1.2536540559179232,1.7391511345269497
420021,25,True,0.3864208501849533,1.4717039073643061,1.249720808281289,1.733117010294558
420022,25,True,0.39000255612815216,1.4769845692396553,1.2539614378592445,1.7396734476111684
420023,25,True,0.3894886487405142,1.476225730961095,1.2533223993152207,1.7387724099898758
420024,25,True,0.3898486723830501,1.4767573028094358,1.2538122194114063,1.7393450930194054
420025,25,True,0.3896789712097586,1.4765067166254684,1.2536004699240817,1.739048553780573
420026,25,True,0.3888165296494824,1.4752338648280647,1.2525014608107052,1.737574784565032
420027,25,True,0.38955441609195063,1.4763228216102051,1.2534284152035564,1.738854047961856
420028,25,True,0.3898677906690492,1.4767855361477877,1.2538101035579619,1.7394145362097007
420029,25,True,0.389934651848701,1.4768842790718248,1.2539012661554954,1.7395206725144308
420030,25,True,0.3880834273078125,1.4741527637545317,1.251568463799096,1.7363224096336436
420031,25,True,0.38882808257194107,1.4752509081889638,1.2525270961419883,1.7375793695928525
420032,13,True,0.3890301529092991,1.4755490427587312,1.2527461545607737,1.737977777588608
430003,6,True,0.3892428990037649,1.4758629934494785,1.2530347827428485,1.738316928972806
430004,25,True,0.3895819119522958,1.4763634149344043,1.2534433506783953,1.7389289526144878
430005,25,True,0.38871463178486326,1.4750835493059704,1.252346681506553,1.7374354158990233
430006,25,True,0.39031084433116425,1.477439976353096,1.2543654374099955,1.740185769334753
430007,25,True,0.391084868082411,1.4785839926766218,1.255340190101605,1.74152842443656
430008,25,True,0.38965834250239173,1.4764762585146427,1.2535570527099282,1.7390370364434014
430009,25,True,0.3891366959751249,1.4757062606526126,1.2529053543126476,1.7381272737269309
430010,25,True,0.388315351149874,1.4744946945767097,1.2518729944367515,1.7367054118082168
430011,25,True,0.38507877450600114,1.469730094143237,1.2478289407230265,1.7310918821763044
430012,17,True,0.3894914414669786,1.4762298536615182,1.2533495903162186,1.7387443995507144
430013,20,True,0.3895041228330153,1.4762485743913487,1.2533591900469045,1.7387751816866905
430014,20,True,0.3884833750790035,1.4747424657839359,1.252074281738524,1.7370098340864013
430015,14,True,0.38833868919357917,1.47452910679989,1.2518974561083351,1.7367525400674113
430016,6,True,0.3884085666599242,1.474632146757969,1.2519929810416563,1.7368627469802602
430017,2,True,0.3885894285872447,1.4748988756899477,1.252218960036015,1.7371775727217127
430018,5,True,0.3887120037740957,1.4750796727756137,1.2523731439382921,1.7373895724028892
430020,1,True,0.38919086838784883,1.475786205386604,1.252974985872695,1.7382189976382143
430021,8,True,0.3889551086595515,1.4754383154426278,1.2526755161864485,1.7378149365475157
430022,15,True,0.38925609223068786,1.475882464973304,1.2530460885440784,1.7383471129514265
430023,18,True,0.3890814556764566,1.4756247444495378,1.2528184209183346,1.7380558507717718
430024,18,True,0.38909133681544383,1.4756393253747688,1.2528515777981921,1.7380442002709868
430025,24,True,0.3892512766799655,1.4758753578035462,1.2530660078908369,1.7383027374895514
430026,25,True,0.3890263463329581,1.4755434259793454,1.252759104056143,1.7379465811914712
430027,25,True,0.38926358467977074,1.475893522988951,1.2530348335174561,1.7383887765402586
430028,25,True,0.38937525471135476,1.476058345267961,1.253184413777709,1.7385695310934977
430029,25,True,0.3889847345028926,1.4754820271945162,1.2527256705042171,1.7378483285153614
430030,25,True,0.38853096380811364,1.474812648573589,1.2521529319811404,1.7370660506710414
430031,25,True,0.3885187439595595,1.4747946266964902,1.2521492973767259,1.7370286398671007
430032,15,True,0.38878402199721795,1.4751859092180446,1.2524684622164273,1.7375075959233415
440004,25,True,0.38948734553561465,1.4762238071377434,1.2533235088212826,1.7387663387960917
440005,25,True,0.3887868781058953,1.4751901225153374,1.2524541022872782,1.7375374423642231
440006,25,True,0.3893246985749733,1.4759837233472646,1.253138343035222,1.7384576600772181
440007,25,True,0.38823350867529527,1.474374023220241,1.2517750686106734,1.7365570020173704
440008,25,True,0.38704879138511156,1.4726283410968115,1.2502904498723506,1.7345043555463096
440009,22,True,0.3855237376395633,1.4703842153705404,1.2483842813540467,1.731862354487368
440010,14,True,0.38825667723849977,1.4744081827436968,1.251802329243531,1.7365996520035671
440011,7,True,0.3889547901998808,1.4754378455751025,1.2526777576770678,1.7378107201265522
440026,7,True,0.38898018409652585,1.4754753131669813,1.2527123950831502,1.7378509291597606
440027,12,True,0.38872061155375986,1.4750923699910712,1.2523763010734372,1.737415102905468
440028,11,True,0.38638743134304904,1.4716547255459003,1.2494442272578887,1.7333847993957383
440029,24,True,0.38959763538689585,1.4763866286205038,1.2534771888398017,1.738936692726677
440030,25,True,0.3897187399799496,1.476565436649371,1.2536381202999094,1.739134646117785
440031,25,True,0.3880394753698766,1.4740879733075944,1.2515579679344584,1.7361843468075653
440032,22,True,0.3892982219997632,1.475944644870539,1.2531085651534501,1.7384069148511982
450004,20,True,0.3884795616313057,1.4747368419413982,1.2520665525149348,1.737007308925255
450005,25,True,0.38789232574293525,1.4738710777706836,1.251326550349326,1.7359944558696436
450006,25,True,0.3891509138701056,1.4757272422384056,1.252923529548683,1.738151485006453
450007,14,True,0.3886212659158789,1.4749458332776533,1.2522609382650083,1.737229953141548
450008,7,True,0.38869501640935755,1.4750546152720254,1.2523520187832602,1.737359852024048
450029,23,True,0.389272412327843,1.4759065517150705,1.2530649143297716,1.7383777364483783
450030,25,True,0.39132172579010316,1.4789342481704766,1.2556209148616813,1.7419640629771758
450031,25,True,0.3905171562017101,1.4777448212037112,1.2546150706294414,1.740557568385345
450032,25,True,0.391168173175644,1.47870717138462,1.255419917612348,1.7417079879239905
450033,3,True,0.38864197481203344,1.474976378094022,1.25229424845252,1.73725569579492
460004,15,True,0.38821315898829406,1.4743440204756197,1.2517413977328604,1.7365330368150944
460005,24,True,0.38957032060428975,1.4763463019914596,1.2534463640172597,1.7388844596575375
460006,21,True,0.3888857058421626,1.4753359194199798,1.2525917325018432,1.737689958070671
460029,19,True,0.3809337878573278,1.4636506907529419,1.2434282038322848,1.722876590653976
460030,25,True,0.38883339815663565,1.475258750030954,1.2525283677875383,1.7375960780730717
460031,25,True,0.3877961575961958,1.4737293451357931,1.2512521554429183,1.7357637893103746
460032,25,True,0.3867074708820912,1.472125788621277,1.2499083394434767,1.7338506105885696
460033,8,True,0.38846812087574095,1.4747199699341815,1.2520864750169856,1.736939926368241
470004,9,True,0.3889900959553761,1.4754899379425017,1.2527216355060848,1.7378725610419083
470005,16,True,0.38839739712782995,1.4746156758988647,1.2519795124591715,1.73684263198163
470027,3,True,0.3889978780535634,1.4755014203947519,1.2527318859437526,1.7378853895355242
470028,20,True,0.3895522013437002,1.4763195519304397,1.2534236539380168,1.7388529509272164
470029,19,True,0.3669450242431013,1.4433185694032438,1.2265063996087797,1.6984570919880213
470030,14,True,0.3828382031831363,1.4664407454282369,1.2453749912087495,1.726747746688664
470031,10,True,0.3881676428595623,1.4742769155705784,1.251707830646367,1.7364215279071415
470032,4,True,0.388784523750808,1.4751866493980563,1.2524684872279803,1.7375093048278394
480004,1,True,0.3889389813715496,1.4754145208158576,1.2526576524146482,1.7377836666212436
